id,fraudulent
8434,0
15995,0
13508,0
12564,0
12278,0
10919,0
6181,0
8063,0
16478,0
13364,0
11537,0
1011,0
668,0
228,0
3855,0
16158,0
16725,0
11121,0
8150,0
1553,0
500,0
3411,0
16349,0
4946,0
15396,0
11209,0
12029,0
1446,0
2151,0
7041,0
2601,0
8756,0
8500,0
91,0
10152,0
4037,0
8964,0
7114,0
12955,0
2186,0
11128,0
4850,0
13095,0
11559,0
14782,0
4935,0
710,0
8002,0
4694,0
9436,0
7115,0
15307,0
10376,0
1796,0
7850,0
12338,0
5575,0
6399,0
15150,0
5291,0
1520,0
13354,0
8152,0
1598,0
5490,0
8792,0
9547,0
16995,0
3078,0
2778,0
3982,0
8373,0
5925,0
14933,0
5170,0
4351,0
6656,0
8788,0
10255,0
6171,0
14834,0
17451,0
5451,0
3122,0
459,0
7068,0
4984,0
5926,0
17666,0
8586,0
17797,0
15286,0
14449,0
9054,0
6906,0
16056,0
10387,0
11237,0
5391,0
6495,0
13392,0
6417,0
11986,0
17322,0
2098,0
9475,0
4314,0
5847,0
9287,0
8794,0
3095,0
12723,0
15480,0
8924,0
9800,0
13552,0
3245,0
16553,0
5400,0
10551,0
10355,0
7249,0
15806,0
14702,0
13898,0
5576,0
10403,0
11458,0
8710,0
11343,0
10733,0
3152,0
8168,0
1392,0
11720,0
17708,0
13106,0
13235,0
13784,0
10793,0
5881,0
16769,0
14345,0
4199,0
13473,0
9999,0
17310,0
1048,0
17544,0
9193,0
2433,0
1510,0
17595,0
4253,0
455,0
7608,0
14106,0
15977,0
2390,0
2432,0
389,0
5070,0
12193,0
11562,0
8012,0
7248,0
2864,0
14908,0
11726,0
9625,0
7823,0
9311,0
8117,0
838,0
13447,0
5756,0
1378,0
15096,0
5242,0
6486,0
11391,0
16294,0
11741,0
12533,0
10091,0
14937,0
8129,0
8934,0
186,0
9806,0
221,0
401,0
194,0
8454,0
15405,0
3466,0
1317,0
356,0
3890,0
4398,0
13330,0
12535,0
13494,0
436,0
8913,0
17660,0
6329,0
1123,0
7151,0
4371,0
9247,0
12251,0
12423,0
1318,0
4103,0
6374,0
3522,0
6257,0
17412,0
5742,0
8802,0
13773,0
3500,0
11947,0
5939,0
14678,0
2891,0
4408,0
9431,0
16021,0
1738,0
17606,0
5124,0
13864,0
4785,0
5557,0
3632,0
9144,0
13865,0
4798,0
10612,0
11417,0
10880,0
983,0
8182,0
2599,0
725,0
11957,0
8915,0
3804,0
10297,0
13461,0
14172,0
10059,0
2175,0
11031,0
2647,0
17131,0
12196,0
11285,0
15628,0
14187,0
6279,0
10354,0
8826,0
14853,0
2694,0
320,0
1549,0
12261,0
9151,0
1539,0
12924,0
16177,0
6282,0
10420,0
6327,0
13621,0
7368,0
6889,0
16467,0
1806,0
3577,0
13361,0
7052,0
1680,0
5001,0
3530,0
6224,0
15540,0
7139,0
3504,0
8738,0
10578,0
13173,0
879,0
3130,0
2123,0
2586,0
208,0
7449,0
5038,0
393,0
5224,0
3143,0
3770,0
16700,0
17778,0
9640,0
5755,0
11959,0
4365,0
13875,0
1637,0
1283,0
6646,0
15228,0
1041,0
15265,0
9820,0
1944,0
5166,0
2765,0
1315,0
10111,0
4646,0
4022,0
37,0
7551,0
9108,0
15629,0
17716,0
14216,0
422,0
10107,0
6175,0
5986,0
10865,0
8261,0
11560,0
13736,0
7500,0
16873,0
9706,0
15118,0
4728,0
11780,0
13969,0
2826,0
3638,0
3664,0
15528,0
6905,0
16881,0
2722,0
130,0
11816,0
12446,0
15744,0
1424,0
9805,0
12340,0
12908,0
4364,0
2468,0
14264,0
14134,0
2796,0
7534,0
9411,0
9821,0
1179,0
9652,0
4793,0
14778,0
7939,0
3818,0
10436,0
16218,0
10275,0
8254,0
17227,0
9130,0
10786,0
2800,0
9061,0
16239,0
5386,0
2977,0
8282,0
589,0
16120,0
5237,0
3036,0
9808,0
15420,0
11495,0
4049,0
12473,0
4017,0
16150,0
12089,0
8115,0
3783,0
12979,0
14568,0
11127,0
2225,0
9744,0
8174,0
5991,0
104,0
11649,0
7516,0
2013,0
673,0
882,0
15397,0
10989,0
16641,0
3354,0
16517,0
6550,0
3680,0
12041,0
4386,0
201,0
15100,0
3689,0
2403,0
8677,0
8114,0
6768,0
7835,0
17018,0
9088,0
9688,0
4740,0
6296,0
7482,0
7018,0
1386,0
536,0
16737,0
1281,0
9672,0
5850,0
2868,0
11375,0
11435,0
5716,0
13734,0
7725,0
4619,0
12962,0
14515,0
11393,0
4116,0
10242,0
13637,0
16187,0
8561,0
12051,0
11494,0
14650,0
5590,0
4669,0
174,0
14974,0
7560,0
7539,0
5024,0
11155,0
16502,0
706,0
6744,0
15352,0
5181,0
16499,0
1121,0
17817,0
9302,0
1833,0
11451,0
3110,0
4607,0
3532,0
4983,0
13804,0
1075,0
1062,0
1668,0
14422,0
16897,0
3285,0
4059,0
6503,0
8043,0
1413,0
4221,0
305,0
9045,0
17367,0
12246,0
2902,0
6822,0
7548,0
8744,0
11049,0
15729,0
13853,0
7386,0
9444,0
15672,0
547,0
7864,0
1803,0
874,0
5983,0
7732,0
317,0
4437,0
10034,0
4645,0
1555,0
129,0
15768,0
3212,0
5595,0
16371,0
7137,0
13912,0
5555,0
16366,0
16724,0
6319,0
5795,0
10493,0
8720,0
9365,0
503,0
6552,0
2912,0
2391,0
13479,0
4879,0
3657,0
10204,0
1384,0
14615,0
6466,0
4388,0
1313,0
8625,0
7046,0
12048,0
15502,0
8829,0
10770,0
17356,0
11316,0
4411,0
11039,0
10668,0
14779,0
11878,0
15142,0
7875,0
14272,0
11454,0
10538,0
1428,0
13071,0
11539,0
16462,0
16863,0
7087,0
10928,0
5736,0
6507,0
9632,0
293,0
4666,0
1790,0
12175,0
1058,0
16872,0
10025,0
15369,0
4476,0
2659,0
17241,0
10933,0
15692,0
804,0
12264,0
12812,0
357,0
12608,0
11110,0
16005,0
1070,0
3472,0
3865,0
17725,0
12761,0
12829,0
14309,0
8426,0
7527,0
16574,0
701,0
16108,0
6963,0
14248,0
2329,0
3215,0
15209,0
9595,0
9893,0
3652,0
13763,0
14580,0
4435,0
10604,0
12786,0
7103,0
11325,0
11589,0
12721,0
2627,0
1849,0
15696,0
5524,0
6973,0
9534,0
16119,0
10370,0
12963,0
2396,0
3344,0
1771,0
16422,0
2280,0
14616,0
1211,0
843,0
12359,0
12305,0
14670,0
14606,0
7227,0
15422,0
6141,0
15393,0
7177,0
14386,0
13394,0
8488,0
8622,0
708,0
1089,0
8262,0
3367,0
325,0
14146,0
11287,0
6383,0
904,0
10408,0
17094,0
12545,0
16984,0
15239,0
9980,0
17124,0
8253,0
5884,0
4191,0
14194,0
11053,0
5015,0
17712,0
13689,0
2861,0
216,0
5975,0
10267,0
4601,0
8684,0
12767,0
9602,0
14317,0
12856,0
16659,0
10730,0
3393,0
7415,0
9582,0
3444,0
907,0
15459,0
4978,0
16405,0
7476,0
10976,0
4917,0
14725,0
5984,0
9513,0
5563,0
1241,0
3727,0
1574,0
10915,0
15989,0
151,0
16071,0
4903,0
5626,0
4181,0
2641,0
17785,0
8779,0
9495,0
14427,0
4249,0
9040,0
9857,0
5442,0
4171,0
7861,0
8877,0
17203,0
11028,0
724,0
14261,0
4907,0
16041,0
4867,0
13407,0
7870,0
17859,0
8249,0
7208,0
3305,0
15749,0
12253,0
14740,0
4835,0
13139,0
7888,0
13602,0
2414,0
8425,0
372,0
13117,0
2436,0
14300,0
8993,0
1690,0
5635,0
2504,0
11105,0
10289,0
9888,0
9198,0
7073,0
2121,0
15808,0
11230,0
6676,0
10233,0
14081,0
6764,0
6564,0
5251,0
7578,0
11198,0
371,0
944,0
15556,0
8363,0
3993,0
5944,0
16889,0
1434,0
270,0
17631,0
11624,0
12160,0
3002,0
8350,0
3512,0
7117,0
15330,0
15861,0
13934,0
5486,0
16754,0
10374,0
3722,0
13472,0
14410,0
2000,0
1595,0
511,0
2959,0
3857,0
6139,0
2724,0
13061,0
15596,0
6809,0
8845,0
13670,0
1129,0
5829,0
11119,0
10265,0
3909,0
9234,0
1045,0
1538,0
7594,0
8688,0
14529,0
1610,0
959,0
14290,0
12083,0
7661,0
9973,0
7598,0
10176,0
16015,0
15416,0
15621,0
17693,0
16038,0
267,0
8959,0
1294,0
3776,0
17415,0
9103,0
6815,0
10473,0
13127,0
4753,0
13841,0
3873,0
9908,0
2395,0
4257,0
11055,0
2944,0
16008,0
14761,0
15684,0
8766,0
10863,0
4792,0
10780,0
7543,0
4626,0
3321,0
9213,0
13683,0
2534,0
8724,0
3688,0
13996,0
11853,0
13943,0
8592,0
9406,0
10726,0
13488,0
12928,0
5962,0
5041,0
17640,0
8374,0
1285,0
11614,0
9551,0
6057,0
7564,0
15158,0
623,0
2154,0
11000,0
12129,0
16066,0
10054,0
2111,0
2895,0
9748,0
13400,0
4994,0
17005,0
11293,0
13995,0
6407,0
9696,0
224,0
7182,0
16857,0
10200,0
12084,0
5513,0
3836,0
12898,0
9354,0
11916,0
7980,0
7,0
14907,0
6505,0
17252,0
15739,0
14195,0
13164,0
14258,0
6489,0
14673,0
2952,0
14448,0
7807,0
16530,0
6170,0
12896,0
10836,0
9277,0
7840,0
1772,0
9221,0
10183,0
3326,0
1003,0
7088,0
13123,0
3318,0
3515,0
4559,0
9465,0
143,0
15896,0
10881,0
8808,0
7611,0
9656,0
13485,0
8798,0
3961,0
2946,0
7700,0
16780,0
14324,0
2884,0
14954,0
556,0
14945,0
7503,0
11529,0
8352,0
867,0
6845,0
967,0
6597,0
4429,0
1869,0
7356,0
2730,0
6841,0
15542,0
4855,0
12132,0
5262,0
8016,0
2846,0
5361,0
16126,0
14045,0
11388,0
13682,0
483,0
9464,0
4460,0
1507,0
15129,0
2560,0
9322,0
11540,0
13604,0
14152,0
10322,0
5371,0
6926,0
11573,0
3067,0
6933,0
3741,0
2260,0
10700,0
15079,0
6006,0
11112,0
1265,0
12239,0
9148,0
10470,0
6525,0
588,0
649,0
12027,0
9891,0
7061,0
12658,0
13961,0
6015,0
8367,0
13290,0
8635,0
4070,0
2540,0
8437,0
15466,0
14481,0
3298,0
7676,0
14674,0
16017,0
2505,0
14485,0
10157,0
3289,0
1540,0
7576,0
8160,0
10787,0
15879,0
3164,0
3113,0
1272,0
11739,0
4282,0
8049,0
11958,0
4391,0
12664,0
14705,0
11592,0
15876,0
11526,0
12199,0
4092,0
9348,0
9626,0
7817,0
16849,0
2007,0
9118,0
2742,0
5776,0
17176,0
9309,0
7591,0
4352,0
873,0
3513,0
17183,0
8025,0
4883,0
10626,0
15386,0
4664,0
7353,0
1546,0
12439,0
9947,0
6149,0
8200,0
14494,0
6919,0
11224,0
7425,0
14396,0
10637,0
14235,0
3603,0
12386,0
6313,0
17432,0
5078,0
11466,0
12441,0
8574,0
10656,0
7747,0
6671,0
9150,0
1167,0
10605,0
8632,0
14918,0
5651,0
9450,0
1963,0
5800,0
10986,0
13721,0
12751,0
707,0
11890,0
5778,0
17680,0
5256,0
12579,0
16598,0
17447,0
2917,0
2047,0
10670,0
1931,0
3684,0
3981,0
13754,0
16504,0
7100,0
12072,0
15023,0
6615,0
13363,0
16777,0
777,0
4912,0
4940,0
7307,0
3313,0
14800,0
7513,0
5006,0
6530,0
7027,0
6575,0
5190,0
17255,0
8181,0
10773,0
9740,0
2635,0
5219,0
1485,0
13270,0
4762,0
15367,0
12639,0
155,0
5525,0
13377,0
1594,0
9031,0
14301,0
13727,0
10115,0
4405,0
5510,0
4624,0
4938,0
4967,0
11564,0
7486,0
10095,0
8681,0
3021,0
11506,0
14621,0
17841,0
12526,0
5931,0
2787,0
3330,0
2835,0
1776,0
3529,0
15700,0
17549,0
13863,0
9000,0
14548,0
9498,0
12345,0
2978,0
12628,0
16398,0
6033,0
9659,0
17097,0
1470,0
17352,0
4642,0
3462,0
13305,0
8383,0
8645,0
1192,0
10691,0
13240,0
9705,0
11532,0
13450,0
15199,0
3016,0
6944,0
12459,0
265,0
15002,0
3158,0
8000,0
4562,0
5753,0
3630,0
8415,0
8221,0
3259,0
17678,0
3965,0
4726,0
14141,0
4328,0
3718,0
7567,0
423,0
15246,0
7737,0
17417,0
3509,0
392,0
12537,0
9339,0
14111,0
15153,0
8942,0
6009,0
10086,0
11527,0
400,0
16447,0
12106,0
11267,0
6323,0
10853,0
2342,0
12977,0
1109,0
9676,0
15072,0
6429,0
5372,0
1054,0
11340,0
229,0
6291,0
13146,0
1617,0
2664,0
2333,0
1778,0
7688,0
11324,0
13774,0
9131,0
10375,0
1223,0
2249,0
3464,0
13729,0
7489,0
8680,0
9233,0
6098,0
4584,0
15699,0
13296,0
17679,0
1172,0
6106,0
4382,0
2744,0
15925,0
13351,0
8329,0
3380,0
2964,0
15376,0
1744,0
5104,0
10120,0
12425,0
6449,0
1322,0
10032,0
15719,0
13873,0
234,0
2376,0
13569,0
14983,0
17264,0
9016,0
13813,0
13766,0
620,0
2649,0
3721,0
5378,0
2886,0
13847,0
17805,0
5949,0
17009,0
2344,0
12596,0
7793,0
15218,0
774,0
2788,0
16722,0
11525,0
7364,0
17690,0
7263,0
2517,0
5585,0
13656,0
2222,0
14196,0
11310,0
2245,0
16822,0
2360,0
16250,0
482,0
409,0
15570,0
14153,0
6940,0
16758,0
14979,0
12792,0
2675,0
2228,0
11302,0
14282,0
5411,0
17319,0
10138,0
15555,0
9275,0
648,0
4109,0
1244,0
13800,0
14471,0
3585,0
3450,0
13420,0
7989,0
3488,0
2035,0
2087,0
13686,0
10532,0
6663,0
8090,0
749,0
11450,0
6108,0
8647,0
12182,0
17802,0
11372,0
5989,0
6904,0
2332,0
12986,0
12312,0
14682,0
1569,0
3886,0
3319,0
10165,0
3424,0
5691,0
9117,0
6682,0
8910,0
9956,0
13230,0
4904,0
8540,0
2600,0
3842,0
7709,0
7798,0
7699,0
8749,0
15043,0
16607,0
5465,0
12494,0
4035,0
7034,0
4285,0
4524,0
5608,0
9729,0
10001,0
15832,0
6343,0
17454,0
17031,0
15963,0
5385,0
1115,0
13687,0
11842,0
5822,0
9917,0
2487,0
2243,0
9758,0
287,0
15346,0
11172,0
16843,0
4095,0
628,0
6794,0
8424,0
3087,0
15661,0
10833,0
6654,0
13090,0
11867,0
7679,0
7646,0
3025,0
501,0
16938,0
10456,0
10416,0
3375,0
15574,0
13869,0
6203,0
3608,0
11322,0
3537,0
15754,0
11909,0
14408,0
14135,0
1239,0
13932,0
17780,0
11961,0
744,0
1050,0
9229,0
9179,0
9174,0
4233,0
15791,0
10154,0
6360,0
16426,0
16582,0
8725,0
157,0
10748,0
6574,0
5445,0
10230,0
1693,0
4469,0
8762,0
15993,0
2933,0
17199,0
7686,0
16920,0
16028,0
14165,0
1566,0
676,0
2749,0
10920,0
8843,0
9386,0
15683,0
15847,0
16909,0
6591,0
2934,0
14477,0
16788,0
15956,0
3913,0
9714,0
11925,0
5732,0
16584,0
16009,0
11552,0
6156,0
3580,0
3791,0
4463,0
12164,0
1763,0
6565,0
13786,0
11430,0
10317,0
15884,0
541,0
15640,0
12343,0
4078,0
16723,0
6695,0
2623,0
8267,0
5120,0
1038,0
3808,0
14231,0
5537,0
9829,0
3919,0
1722,0
16817,0
4652,0
7289,0
5091,0
2492,0
12842,0
7692,0
13107,0
11809,0
7435,0
8844,0
8919,0
8341,0
4933,0
6793,0
10398,0
6201,0
13480,0
10603,0
14766,0
2176,0
8328,0
1387,0
3578,0
7615,0
11228,0
6807,0
10377,0
8323,0
16540,0
16528,0
9952,0
14631,0
8402,0
1346,0
5416,0
17796,0
15031,0
11763,0
9741,0
1435,0
15169,0
8170,0
17407,0
6812,0
14641,0
16221,0
13341,0
14037,0
9058,0
13079,0
3983,0
15666,0
6295,0
14589,0
8420,0
14686,0
1927,0
8931,0
2166,0
12882,0
4658,0
6678,0
1967,0
13468,0
10713,0
7901,0
4837,0
3196,0
16663,0
2278,0
5602,0
846,0
9780,0
7981,0
12976,0
2805,0
14001,0
5845,0
1792,0
3479,0
2847,0
6770,0
2292,0
2079,0
2456,0
12141,0
13928,0
15103,0
4528,0
3812,0
14582,0
5215,0
3442,0
10234,0
1618,0
15947,0
576,0
15537,0
11232,0
3337,0
5196,0
6130,0
7071,0
13574,0
16782,0
12827,0
4633,0
3254,0
6804,0
11332,0
10188,0
8292,0
13303,0
2869,0
2777,0
12783,0
16698,0
12299,0
60,0
10113,0
14950,0
17220,0
10194,0
4605,0
14667,0
2461,0
13333,0
16406,0
17667,0
2731,0
17065,0
11220,0
1627,0
10541,0
8439,0
173,0
15813,0
4238,0
2389,0
15249,0
6316,0
15195,0
1554,0
7029,0
3013,0
9382,0
15839,0
2442,0
5901,0
6717,0
14639,0
10909,0
10349,0
6448,0
15461,0
5103,0
14201,0
3972,0
8922,0
6508,0
3057,0
355,0
15591,0
894,0
3211,0
14551,0
7220,0
9126,0
10781,0
2251,0
2496,0
10536,0
11321,0
11765,0
15029,0
17715,0
11530,0
17608,0
13525,0
545,0
6551,0
8568,0
9285,0
7421,0
2631,0
17164,0
16192,0
5771,0
2802,0
14197,0
14818,0
16564,0
3140,0
4833,0
14731,0
10444,0
16257,0
16578,0
15068,0
6639,0
7191,0
14256,0
5193,0
13121,0
4356,0
13972,0
12841,0
7506,0
6115,0
12752,0
6538,0
11423,0
6253,0
10844,0
14593,0
10016,0
16837,0
11143,0
9473,0
486,0
8052,0
8392,0
782,0
14050,0
8396,0
14251,0
15313,0
11750,0
5060,0
16275,0
923,0
15338,0
14604,0
8061,0
15955,0
15753,0
4307,0
10475,0
15035,0
14254,0
10667,0
6082,0
4387,0
10561,0
11032,0
14166,0
17826,0
4668,0
6324,0
11385,0
10291,0
9255,0
11498,0
13214,0
17414,0
2901,0
16435,0
3966,0
2853,0
16812,0
4251,0
14393,0
3884,0
4488,0
7675,0
1226,0
15319,0
2818,0
9350,0
1683,0
13020,0
7801,0
13044,0
8815,0
4922,0
10045,0
6543,0
17312,0
16139,0
11221,0
17803,0
4769,0
2770,0
13663,0
2426,0
2658,0
12627,0
5333,0
5686,0
13091,0
2158,0
5660,0
11707,0
5866,0
13623,0
11680,0
1218,0
9259,0
16338,0
10573,0
1487,0
2448,0
2520,0
3882,0
4808,0
3414,0
14286,0
11659,0
15267,0
7277,0
1811,0
2572,0
17211,0
17398,0
16945,0
2137,0
4013,0
10160,0
17838,0
11152,0
4861,0
3756,0
8010,0
10340,0
14352,0
6993,0
11660,0
6355,0
4331,0
12787,0
9677,0
2547,0
14157,0
12015,0
2309,0
8406,0
15309,0
1085,0
6202,0
12009,0
12529,0
12915,0
9330,0
14255,0
4494,0
7671,0
14294,0
7585,0
11812,0
16798,0
15058,0
10150,0
8567,0
9240,0
1973,0
2270,0
10721,0
2676,0
4927,0
17774,0
13189,0
17333,0
8995,0
4905,0
17163,0
197,0
16705,0
4696,0
1766,0
5102,0
3329,0
16896,0
10369,0
6220,0
7195,0
6638,0
16691,0
6071,0
16783,0
11757,0
5661,0
4708,0
968,0
13353,0
17644,0
3575,0
11161,0
1143,0
9081,0
14676,0
9087,0
12270,0
3243,0
7475,0
16016,0
9585,0
10922,0
111,0
10992,0
8664,0
7549,0
17208,0
8812,0
3990,0
1941,0
17761,0
9851,0
17792,0
9792,0
15776,0
5889,0
12659,0
12852,0
10509,0
11595,0
10520,0
13556,0
7898,0
763,0
100,0
4885,0
12071,0
4873,0
1754,0
9803,0
12234,0
15399,0
6461,0
8894,0
1752,0
2054,0
5617,0
16278,0
16620,0
6212,0
15772,0
3018,0
816,0
17165,0
10477,0
2591,0
1666,0
2545,0
6722,0
16368,0
2936,0
7759,0
14595,0
1403,0
1436,0
7695,0
6255,0
8033,0
12188,0
10971,0
5449,0
9872,0
12774,0
17239,0
16062,0
1768,0
13815,0
1660,0
1641,0
17007,0
5358,0
2160,0
10041,0
15835,0
10277,0
5,0
16651,0
9838,0
12903,0
2284,0
1686,0
6432,0
533,0
13612,0
10592,0
181,0
17111,0
12158,0
17209,0
10333,0
8317,0
10709,0
10679,0
3695,0
13104,0
6506,0
4966,0
15881,0
8839,0
15577,0
5919,0
7187,0
10525,0
9029,0
17488,0
11361,0
7047,0
17634,0
852,0
6628,0
12519,0
2005,0
2583,0
14668,0
8653,0
781,0
15245,0
16891,0
12004,0
2003,0
8146,0
3491,0
8265,0
1875,0
14748,0
12471,0
16685,0
17237,0
1976,0
11631,0
14946,0
14291,0
1730,0
2523,0
2771,0
5028,0
259,0
164,0
7417,0
5978,0
14751,0
8147,0
9157,0
14051,0
16024,0
1689,0
1443,0
5963,0
13756,0
4389,0
3094,0
15868,0
11071,0
10411,0
1580,0
9398,0
16091,0
11991,0
15479,0
12838,0
9882,0
14266,0
11956,0
12646,0
13462,0
383,0
6840,0
16895,0
16344,0
15804,0
5904,0
2653,0
9885,0
9042,0
16756,0
9037,0
11383,0
11655,0
12563,0
15632,0
8355,0
2701,0
13759,0
16237,0
5265,0
9644,0
10341,0
4449,0
12683,0
4336,0
13421,0
6260,0
1012,0
16922,0
2178,0
7189,0
16493,0
1214,0
456,0
15090,0
1207,0
12593,0
2521,0
12384,0
946,0
7755,0
1874,0
14163,0
5649,0
2064,0
856,0
7463,0
8244,0
2248,0
13276,0
10118,0
16571,0
12964,0
13542,0
13469,0
10535,0
5935,0
2417,0
5466,0
17157,0
9199,0
12805,0
14756,0
1217,0
8933,0
5305,0
4503,0
13702,0
285,0
7674,0
809,0
669,0
13337,0
8927,0
9822,0
9059,0
11851,0
17466,0
16399,0
11256,0
8382,0
7099,0
9889,0
4500,0
9971,0
8723,0
6046,0
4492,0
15487,0
16838,0
9462,0
12128,0
3715,0
709,0
17027,0
6999,0
6660,0
3748,0
15752,0
16481,0
2218,0
1942,0
8862,0
11272,0
13359,0
16594,0
14775,0
12824,0
1087,0
17402,0
4273,0
12834,0
1631,0
12582,0
250,0
960,0
77,0
2138,0
7994,0
7820,0
10580,0
7388,0
9743,0
11422,0
11120,0
15377,0
2027,0
6995,0
1807,0
14528,0
9584,0
7429,0
406,0
4482,0
15,0
14487,0
6233,0
17669,0
14692,0
4369,0
7971,0
13690,0
6641,0
1329,0
8755,0
8492,0
1051,0
3656,0
4958,0
14498,0
7968,0
1621,0
5499,0
11292,0
15149,0
1088,0
16925,0
9514,0
16,0
739,0
3847,0
6096,0
10495,0
13124,0
6318,0
6450,0
15928,0
502,0
4067,0
8928,0
2757,0
6205,0
2986,0
1467,0
3548,0
9678,0
17546,0
8787,0
5864,0
3856,0
6189,0
3780,0
10067,0
12387,0
7383,0
7803,0
6874,0
627,0
6001,0
10397,0
2801,0
15848,0
14284,0
3363,0
5762,0
4131,0
31,0
450,0
16195,0
16203,0
14370,0
868,0
8657,0
15984,0
131,0
14623,0
1282,0
8552,0
5401,0
4677,0
12681,0
10266,0
10442,0
4235,0
13133,0
16480,0
11758,0
5482,0
9604,0
13141,0
7010,0
6739,0
9550,0
5314,0
4691,0
8886,0
9122,0
25,0
2150,0
9905,0
11567,0
8785,0
14473,0
3267,0
6267,0
12643,0
8185,0
11245,0
15789,0
13368,0
14379,0
6540,0
12785,0
14940,0
9372,0
3941,0
3381,0
5485,0
3250,0
12490,0
13360,0
12601,0
6945,0
11640,0
9610,0
8876,0
17406,0
11207,0
11904,0
4123,0
13718,0
13055,0
11841,0
11989,0
16259,0
2253,0
5625,0
17750,0
9269,0
1978,0
2275,0
5459,0
6662,0
9612,0
4318,0
4497,0
3521,0
5977,0
5397,0
5682,0
16394,0
963,0
14421,0
13053,0
1308,0
16266,0
11027,0
13038,0
6549,0
1755,0
6280,0
15671,0
1301,0
13109,0
6988,0
10497,0
7526,0
13948,0
15637,0
10972,0
17830,0
10698,0
4452,0
5501,0
10467,0
16958,0
6387,0
3006,0
2693,0
12218,0
3445,0
3123,0
16527,0
3797,0
162,0
12056,0
3397,0
13666,0
853,0
17743,0
12035,0
13073,0
12581,0
3945,0
3155,0
15895,0
12325,0
4085,0
16774,0
10310,0
6917,0
6736,0
4106,0
13594,0
86,0
514,0
5382,0
3226,0
11268,0
4046,0
11943,0
17250,0
4278,0
16285,0
12255,0
1711,0
3947,0
15707,0
12589,0
17548,0
5076,0
10943,0
15851,0
14707,0
1480,0
5652,0
3498,0
10148,0
16977,0
15627,0
13585,0
7105,0
10383,0
14814,0
1493,0
4964,0
14077,0
4643,0
7045,0
14299,0
17806,0
10994,0
6168,0
11632,0
6635,0
9781,0
16768,0
12648,0
13417,0
3660,0
2404,0
9787,0
13017,0
7487,0
15025,0
375,0
2004,0
10021,0
11185,0
15226,0
8735,0
5317,0
6582,0
17292,0
6604,0
10624,0
9468,0
7276,0
6263,0
10647,0
2066,0
17344,0
771,0
10602,0
4884,0
17465,0
1856,0
10141,0
14090,0
5381,0
12332,0
15690,0
17699,0
12642,0
12933,0
15271,0
15424,0
15243,0
290,0
6017,0
16738,0
16960,0
12980,0
16269,0
13884,0
4784,0
15944,0
8491,0
8918,0
10303,0
16985,0
15423,0
13299,0
13767,0
4232,0
5290,0
15143,0
8678,0
4921,0
8530,0
9734,0
12103,0
13615,0
3653,0
9136,0
12317,0
3190,0
954,0
10017,0
12295,0
16418,0
16438,0
14848,0
7354,0
537,0
3785,0
5645,0
9922,0
17214,0
5220,0
10916,0
1614,0
8985,0
9847,0
4192,0
9942,0
236,0
11436,0
8169,0
964,0
12970,0
5601,0
11558,0
11711,0
3643,0
11641,0
14583,0
11339,0
6593,0
16465,0
5794,0
3881,0
1876,0
11911,0
2183,0
13482,0
8066,0
5117,0
16680,0
12333,0
9986,0
10226,0
10307,0
6957,0
10715,0
1208,0
5950,0
9830,0
3119,0
1289,0
1839,0
17353,0
2447,0
16147,0
9563,0
10809,0
8753,0
16520,0
17113,0
14430,0
16721,0
13437,0
10521,0
4392,0
9570,0
12711,0
41,0
13422,0
11732,0
12276,0
4454,0
11364,0
7894,0
5880,0
14128,0
15647,0
4410,0
8359,0
9858,0
7200,0
3559,0
17532,0
8022,0
11521,0
15633,0
14389,0
16632,0
7184,0
13097,0
4112,0
3153,0
3403,0
8222,0
6649,0
1498,0
7258,0
7219,0
4474,0
16789,0
14873,0
11738,0
10492,0
574,0
4180,0
12757,0
7631,0
5567,0
2050,0
15281,0
12677,0
5976,0
9327,0
5074,0
12836,0
2968,0
184,0
15610,0
6040,0
6111,0
2452,0
14131,0
13344,0
292,0
17144,0
1482,0
17040,0
8832,0
9352,0
13225,0
366,0
13905,0
17044,0
5145,0
17024,0
6469,0
13777,0
413,0
4151,0
7889,0
14007,0
12054,0
1159,0
8949,0
8240,0
14469,0
6589,0
5703,0
7150,0
695,0
7166,0
4892,0
12117,0
13414,0
7828,0
11717,0
11699,0
8219,0
4754,0
1805,0
17143,0
8077,0
12275,0
12831,0
12063,0
5918,0
6523,0
16097,0
6959,0
16819,0
2042,0
14306,0
7148,0
8661,0
8597,0
4849,0
6577,0
15841,0
5943,0
16404,0
12890,0
3929,0
789,0
10641,0
2443,0
15438,0
5458,0
7929,0
12185,0
13715,0
7906,0
217,0
8054,0
17154,0
696,0
11893,0
8226,0
17045,0
5846,0
625,0
1928,0
7644,0
11295,0
17749,0
12932,0
11922,0
11776,0
4475,0
5280,0
16626,0
3708,0
11013,0
16695,0
16431,0
11977,0
6555,0
13331,0
13899,0
11772,0
4159,0
2475,0
3055,0
1319,0
1983,0
253,0
17184,0
2215,0
8650,0
7856,0
9458,0
4264,0
4107,0
17441,0
11978,0
9374,0
12284,0
3758,0
15779,0
6032,0
3712,0
17732,0
6127,0
11522,0
13125,0
55,0
9926,0
12143,0
1477,0
14958,0
4595,0
4596,0
16280,0
11999,0
6766,0
10284,0
8528,0
16232,0
5689,0
2286,0
15028,0
11846,0
4176,0
4354,0
11025,0
1291,0
14680,0
3788,0
16270,0
13176,0
6888,0
1016,0
7471,0
13041,0
7804,0
8866,0
7112,0
6228,0
52,0
5886,0
12743,0
489,0
6044,0
1084,0
4432,0
12478,0
1151,0
2656,0
1028,0
10504,0
15297,0
14416,0
3984,0
7141,0
5670,0
1224,0
14176,0
17517,0
2916,0
15638,0
491,0
13093,0
14330,0
14966,0
8558,0
10290,0
1600,0
7740,0
5566,0
12365,0
9325,0
6204,0
2157,0
4791,0
15081,0
10033,0
6608,0
5675,0
16609,0
13700,0
12067,0
6596,0
8994,0
5674,0
3551,0
6509,0
16633,0
15467,0
11319,0
5896,0
4548,0
7948,0
10295,0
10119,0
7723,0
11323,0
15987,0
12368,0
1975,0
4660,0
5767,0
14513,0
16555,0
2197,0
14089,0
12740,0
899,0
5154,0
5448,0
8110,0
17023,0
16845,0
16035,0
9191,0
16189,0
2791,0
16666,0
8485,0
6380,0
14041,0
5149,0
8908,0
6961,0
5811,0
3343,0
5023,0
10663,0
16487,0
13390,0
2589,0
5156,0
17358,0
17661,0
11463,0
3377,0
12154,0
4459,0
327,0
12833,0
15178,0
16869,0
1509,0
12830,0
1421,0
848,0
7809,0
13349,0
480,0
2590,0
12443,0
2247,0
962,0
12003,0
4682,0
8539,0
8941,0
8758,0
9231,0
7370,0
11315,0
15822,0
12321,0
13659,0
15108,0
12948,0
8541,0
16429,0
4099,0
11764,0
11731,0
5236,0
3754,0
4704,0
16973,0
5721,0
7879,0
11938,0
2930,0
11722,0
13826,0
15941,0
11473,0
13384,0
4301,0
9708,0
17555,0
5694,0
6923,0
6742,0
5439,0
6039,0
14186,0
1476,0
6826,0
15722,0
8820,0
15442,0
4637,0
5223,0
14892,0
68,0
7697,0
16190,0
2011,0
4675,0
16675,0
10913,0
14151,0
4137,0
16767,0
17025,0
11993,0
9186,0
8745,0
7842,0
1066,0
2665,0
13669,0
15939,0
7241,0
16064,0
4230,0
11591,0
3782,0
10213,0
4976,0
15507,0
4330,0
13897,0
4623,0
3089,0
13979,0
17240,0
2700,0
15268,0
705,0
9299,0
16068,0
7741,0
10453,0
7930,0
6499,0
14293,0
14985,0
16542,0
8316,0
10010,0
14253,0
3697,0
11487,0
10717,0
289,0
12400,0
7317,0
10388,0
2842,0
6058,0
13638,0
6831,0
3039,0
7731,0
9006,0
7940,0
147,0
11907,0
688,0
5592,0
12225,0
9906,0
9546,0
16109,0
3062,0
12799,0
11101,0
5933,0
7138,0
14601,0
11314,0
2740,0
2687,0
5348,0
2652,0
9886,0
6909,0
13362,0
4335,0
2940,0
2405,0
1704,0
12854,0
9281,0
17814,0
14189,0
2439,0
11810,0
1234,0
17137,0
5307,0
16612,0
4866,0
7003,0
14813,0
6600,0
1836,0
12431,0
12146,0
9403,0
7424,0
1091,0
13314,0
4277,0
17533,0
17477,0
8118,0
13859,0
13072,0
15222,0
872,0
13279,0
1787,0
1798,0
15609,0
9111,0
9470,0
3587,0
12584,0
10899,0
16419,0
14620,0
16879,0
8335,0
14402,0
1825,0
14980,0
12483,0
7941,0
8957,0
9573,0
7044,0
15341,0
10474,0
12845,0
8322,0
17476,0
10650,0
7570,0
3106,0
11668,0
6629,0
4110,0
14443,0
6261,0
15283,0
6554,0
9636,0
17753,0
14012,0
247,0
6337,0
2167,0
806,0
13904,0
12236,0
1822,0
5012,0
16752,0
17438,0
3121,0
13679,0
4924,0
8493,0
16735,0
11099,0
1647,0
9370,0
3883,0
13148,0
14397,0
4979,0
14630,0
9225,0
10262,0
1415,0
4656,0
12576,0
13289,0
13220,0
7862,0
4981,0
11409,0
17003,0
4268,0
5274,0
5399,0
17600,0
10848,0
795,0
9699,0
10990,0
13907,0
3624,0
5883,0
3247,0
6100,0
11467,0
17304,0
17618,0
7371,0
731,0
14503,0
7165,0
8075,0
10565,0
10671,0
9067,0
9460,0
16315,0
7550,0
933,0
15533,0
2983,0
6053,0
5746,0
12565,0
196,0
9586,0
9353,0
17002,0
8799,0
7650,0
11138,0
15893,0
16728,0
10722,0
13976,0
11597,0
11107,0
16751,0
1314,0
8900,0
1034,0
8935,0
15663,0
15702,0
5340,0
13751,0
14742,0
14733,0
16238,0
2747,0
12766,0
7774,0
611,0
4237,0
1821,0
7186,0
9543,0
17072,0
17575,0
13874,0
1716,0
11605,0
8230,0
10638,0
4040,0
3787,0
11654,0
8587,0
16367,0
12544,0
16003,0
3753,0
15109,0
15612,0
11948,0
7328,0
8162,0
11392,0
445,0
4650,0
17605,0
6740,0
5553,0
6504,0
17819,0
6378,0
8611,0
9123,0
1560,0
600,0
7895,0
1802,0
7033,0
5623,0
1199,0
13159,0
17086,0
1097,0
11622,0
3206,0
14566,0
645,0
13676,0
16313,0
10712,0
4722,0
13387,0
15262,0
5304,0
9356,0
2394,0
10949,0
12699,0
12530,0
916,0
9349,0
1083,0
5484,0
8502,0
562,0
3824,0
5676,0
16536,0
17305,0
2670,0
16521,0
3634,0
9527,0
8479,0
16622,0
8208,0
3707,0
7701,0
5967,0
2633,0
754,0
8361,0
9216,0
13858,0
17245,0
15926,0
16335,0
12211,0
3458,0
210,0
48,0
17839,0
13653,0
16045,0
5241,0
2828,0
10423,0
4683,0
17338,0
17200,0
1400,0
12698,0
11067,0
509,0
4554,0
5026,0
7767,0
16835,0
4539,0
6404,0
11427,0
6052,0
6943,0
3744,0
11945,0
8628,0
8345,0
13752,0
14694,0
10685,0
13215,0
10108,0
12349,0
1533,0
9630,0
2677,0
16372,0
15810,0
3679,0
4997,0
11600,0
4746,0
719,0
8157,0
2341,0
3378,0
11122,0
15316,0
6520,0
5818,0
10309,0
10513,0
6391,0
4790,0
13486,0
6069,0
6024,0
638,0
1362,0
17627,0
11520,0
16791,0
5020,0
10512,0
12308,0
833,0
3574,0
6187,0
16781,0
15140,0
10798,0
6805,0
3536,0
9756,0
17525,0
8510,0
8390,0
17010,0
12373,0
15618,0
16202,0
17057,0
16610,0
6896,0
9970,0
7262,0
2143,0
11200,0
1578,0
2567,0
5450,0
17174,0
6647,0
3620,0
11074,0
3350,0
6073,0
8209,0
15453,0
17129,0
10674,0
39,0
13272,0
3134,0
5218,0
11807,0
12521,0
7255,0
4074,0
8695,0
13695,0
14018,0
9208,0
11024,0
3923,0
4310,0
345,0
17236,0
17613,0
7002,0
13160,0
9831,0
4608,0
5895,0
5178,0
6178,0
8880,0
13880,0
9816,0
12272,0
9181,0
11934,0
15161,0
17159,0
17831,0
9735,0
11164,0
1064,0
8675,0
3431,0
13086,0
1907,0
14897,0
11931,0
16222,0
16828,0
7707,0
5339,0
17206,0
13491,0
14265,0
2356,0
3542,0
17724,0
14695,0
6797,0
6452,0
7634,0
5109,0
13517,0
4852,0
14613,0
12990,0
3201,0
14326,0
14489,0
7369,0
17172,0
616,0
14178,0
5827,0
12505,0
9508,0
2593,0
16236,0
3473,0
4453,0
10642,0
5150,0
849,0
2988,0
14931,0
2882,0
10884,0
5856,0
12418,0
7304,0
9476,0
1356,0
12618,0
2928,0
9565,0
13832,0
1279,0
4840,0
17299,0
2568,0
7873,0
3531,0
3833,0
2566,0
15015,0
1725,0
11098,0
15793,0
4723,0
324,0
16105,0
12718,0
13135,0
17697,0
13980,0
15548,0
6990,0
12363,0
1883,0
4655,0
2645,0
5574,0
10633,0
922,0
9896,0
6483,0
950,0
7339,0
7841,0
2268,0
10784,0
17421,0
3891,0
24,0
10937,0
5301,0
2785,0
1321,0
3426,0
13278,0
15657,0
3471,0
16166,0
3553,0
13839,0
3027,0
16350,0
15071,0
13707,0
9483,0
14943,0
2232,0
16492,0
4975,0
3322,0
3390,0
6818,0
16340,0
12684,0
7579,0
10123,0
10478,0
14912,0
5804,0
6010,0
2848,0
732,0
14015,0
11571,0
17314,0
8585,0
7270,0
14130,0
14822,0
2477,0
17494,0
3029,0
13593,0
6568,0
4880,0
5888,0
8507,0
12045,0
10140,0
1994,0
15383,0
17004,0
10395,0
6225,0
10824,0
9479,0
15128,0
8362,0
3619,0
9686,0
11823,0
10162,0
5188,0
11368,0
6167,0
12006,0
3646,0
15539,0
15736,0
6899,0
12012,0
6345,0
16099,0
2610,0
5587,0
10252,0
4670,0
8613,0
3129,0
337,0
16779,0
5618,0
10363,0
5606,0
1695,0
15418,0
11384,0
13617,0
3183,0
8804,0
1065,0
16494,0
17307,0
12851,0
9517,0
13045,0
1671,0
12624,0
12058,0
3365,0
8252,0
3230,0
8442,0
6198,0
1020,0
8357,0
12692,0
15447,0
15837,0
4508,0
3958,0
4349,0
14879,0
8353,0
7120,0
1710,0
9721,0
218,0
13265,0
416,0
3104,0
4297,0
9062,0
16997,0
3081,0
8205,0
11426,0
15216,0
15198,0
4955,0
12465,0
17267,0
3944,0
9331,0
16846,0
1015,0
8430,0
481,0
8945,0
382,0
9524,0
11950,0
15445,0
16345,0
5835,0
10104,0
1222,0
7427,0
2196,0
10745,0
12259,0
14806,0
17055,0
11987,0
11921,0
10623,0
12649,0
5720,0
5389,0
15904,0
14717,0
9789,0
13573,0
1330,0
14858,0
17562,0
13280,0
17658,0
8309,0
7972,0
10417,0
9256,0
8801,0
6637,0
10703,0
16452,0
7455,0
13667,0
12113,0
14066,0
16059,0
15390,0
12286,0
15946,0
8699,0
1275,0
5446,0
9568,0
3308,0
14941,0
16476,0
5359,0
2400,0
3671,0
1745,0
4910,0
7724,0
8291,0
8504,0
6610,0
4043,0
7538,0
12059,0
9981,0
16586,0
13369,0
2094,0
12415,0
16561,0
13941,0
7452,0
4760,0
17736,0
16073,0
12153,0
17419,0
16603,0
2010,0
16568,0
3713,0
12525,0
558,0
6188,0
3359,0
17641,0
14532,0
11390,0
7605,0
1130,0
14602,0
12304,0
15049,0
11350,0
16905,0
14278,0
11892,0
5135,0
14405,0
16804,0
5853,0
825,0
12447,0
81,0
5098,0
8120,0
9515,0
15290,0
16299,0
17364,0
2907,0
17048,0
9649,0
12815,0
233,0
11682,0
12568,0
17844,0
2543,0
272,0
15910,0
13829,0
14257,0
14559,0
14926,0
679,0
2780,0
8444,0
10178,0
1681,0
16908,0
6003,0
14132,0
2576,0
12464,0
3382,0
1125,0
5995,0
9220,0
1309,0
17430,0
7926,0
8331,0
3180,0
11713,0
7783,0
1069,0
10357,0
15051,0
5050,0
3485,0
15162,0
17650,0
1177,0
5764,0
15018,0
3283,0
5067,0
8233,0
6969,0
12488,0
379,0
3523,0
14826,0
7118,0
12874,0
4998,0
7178,0
10435,0
14703,0
11085,0
12245,0
3732,0
17145,0
13085,0
405,0
16197,0
414,0
10385,0
11675,0
5159,0
5973,0
6299,0
7854,0
14861,0
12952,0
16129,0
9928,0
7727,0
11141,0
4442,0
12969,0
10689,0
2506,0
8156,0
5941,0
12745,0
8389,0
16248,0
1404,0
7169,0
3554,0
238,0
9742,0
4996,0
3874,0
13032,0
2729,0
4881,0
15088,0
13722,0
9503,0
4963,0
2624,0
6652,0
17615,0
13740,0
9217,0
11618,0
6513,0
7831,0
7883,0
7256,0
10496,0
11679,0
2455,0
10508,0
11995,0
13315,0
15505,0
16924,0
2573,0
7756,0
1456,0
15527,0
11733,0
7445,0
7451,0
4616,0
17771,0
16831,0
10581,0
6395,0
1351,0
10527,0
6630,0
5747,0
8822,0
15042,0
87,0
5152,0
5257,0
5286,0
6781,0
5396,0
42,0
13852,0
3869,0
887,0
14154,0
5047,0
15411,0
6332,0
17538,0
13052,0
9923,0
14560,0
12174,0
4362,0
943,0
3937,0
6077,0
9577,0
2985,0
1420,0
138,0
5937,0
4920,0
7419,0
13646,0
10243,0
257,0
17147,0
17006,0
1139,0
9154,0
16434,0
16787,0
7253,0
15102,0
17036,0
4097,0
14388,0
10094,0
13805,0
8976,0
2605,0
15047,0
8989,0
3970,0
9606,0
5324,0
12157,0
11615,0
12806,0
16374,0
10136,0
813,0
1939,0
3819,0
7170,0
12704,0
11415,0
12013,0
15305,0
3463,0
14664,0
8676,0
397,0
3502,0
2879,0
7986,0
8477,0
7571,0
12201,0
7599,0
2076,0
16707,0
15092,0
14221,0
1440,0
1634,0
13983,0
9848,0
3979,0
4243,0
8011,0
10052,0
17283,0
3951,0
2361,0
563,0
5992,0
6632,0
2466,0
12323,0
2662,0
13514,0
1670,0
5260,0
2411,0
12331,0
4206,0
1995,0
96,0
16106,0
7316,0
251,0
14043,0
555,0
4703,0
6186,0
4246,0
14364,0
1037,0
8516,0
3428,0
2409,0
4219,0
17813,0
6174,0
9828,0
5282,0
9190,0
15519,0
9907,0
17256,0
17270,0
15227,0
16616,0
9791,0
1781,0
6782,0
11306,0
3270,0
2490,0
283,0
812,0
4402,0
2307,0
10695,0
14625,0
14543,0
17350,0
4242,0
7782,0
2639,0
9709,0
5588,0
2056,0
15053,0
1830,0
13896,0
8594,0
6728,0
1832,0
16971,0
6090,0
15891,0
12958,0
1943,0
1133,0
13809,0
7892,0
8608,0
3142,0
10593,0
6494,0
7237,0
2485,0
9575,0
4758,0
14576,0
17689,0
5319,0
16125,0
13000,0
8266,0
17243,0
1563,0
957,0
4591,0
5722,0
1127,0
1354,0
9960,0
10500,0
12719,0
2646,0
3031,0
13062,0
17857,0
15097,0
9525,0
278,0
6648,0
892,0
5264,0
9511,0
4956,0
6890,0
11086,0
16387,0
10202,0
15524,0
779,0
7385,0
10767,0
5998,0
10576,0
3456,0
10409,0
7750,0
16207,0
7055,0
10820,0
3915,0
17500,0
3662,0
14447,0
14996,0
10631,0
3953,0
970,0
9770,0
17695,0
448,0
2786,0
10389,0
11698,0
7183,0
16590,0
16413,0
15952,0
7123,0
7796,0
7816,0
7101,0
9427,0
643,0
8044,0
4589,0
13564,0
4208,0
3360,0
12109,0
297,0
4182,0
6076,0
6692,0
16454,0
9079,0
15654,0
8379,0
15745,0
13347,0
10247,0
10185,0
3674,0
10963,0
6016,0
12748,0
7414,0
1992,0
1920,0
1687,0
8841,0
13803,0
10959,0
7125,0
14820,0
3784,0
2437,0
5366,0
8819,0
15667,0
5917,0
16058,0
6759,0
12096,0
10053,0
8268,0
7592,0
12416,0
9832,0
3499,0
14957,0
1348,0
14600,0
2173,0
17444,0
16893,0
11737,0
12087,0
15022,0
376,0
16051,0
5016,0
11241,0
4051,0
9772,0
14592,0
3249,0
8789,0
16592,0
6397,0
12303,0
6433,0
7420,0
9043,0
3705,0
8302,0
10293,0
14363,0
3516,0
756,0
6876,0
3065,0
14971,0
17820,0
116,0
11412,0
14567,0
14563,0
4483,0
6051,0
7380,0
8887,0
16141,0
7346,0
2966,0
15244,0
15435,0
2227,0
7213,0
2636,0
13376,0
8953,0
4899,0
15326,0
4893,0
16588,0
10076,0
5258,0
4647,0
6366,0
1780,0
3244,0
17874,0
1053,0
1107,0
16639,0
9991,0
1093,0
15135,0
7795,0
12281,0
3068,0
11308,0
16491,0
12520,0
16256,0
16162,0
15253,0
12002,0
5857,0
15250,0
2991,0
152,0
10482,0
5037,0
9262,0
4341,0
7687,0
2019,0
5334,0
4843,0
12130,0
14308,0
532,0
10950,0
12724,0
9082,0
992,0
4222,0
5907,0
12739,0
10063,0
11246,0
119,0
12032,0
10182,0
11019,0
6083,0
4987,0
13760,0
9066,0
11702,0
16352,0
5738,0
1917,0
8643,0
2495,0
3730,0
15189,0
12989,0
1919,0
387,0
16252,0
9328,0
7171,0
12524,0
14804,0
2085,0
7266,0
888,0
6631,0
10862,0
9251,0
14441,0
3177,0
5814,0
10801,0
14292,0
7778,0
14404,0
4255,0
2423,0
5409,0
810,0
1826,0
8736,0
13357,0
2320,0
9069,0
15520,0
16127,0
13540,0
16683,0
601,0
13611,0
9200,0
9611,0
10147,0
12285,0
4075,0
2406,0
9537,0
13217,0
2999,0
3974,0
2072,0
12324,0
15558,0
14538,0
1999,0
8790,0
13379,0
427,0
14986,0
2655,0
17268,0
12294,0
2967,0
13785,0
12462,0
6238,0
9548,0
12617,0
4851,0
10068,0
5613,0
839,0
10207,0
1457,0
4403,0
7951,0
10499,0
2385,0
585,0
11159,0
6796,0
10179,0
309,0
752,0
16122,0
8235,0
6418,0
17070,0
16888,0
14619,0
13281,0
8850,0
9270,0
11062,0
14117,0
7663,0
13855,0
189,0
7065,0
17868,0
8575,0
12503,0
2763,0
3489,0
11744,0
1516,0
7298,0
8013,0
6533,0
6618,0
1165,0
948,0
7283,0
3750,0
6675,0
5518,0
2162,0
14914,0
15255,0
4216,0
14140,0
1353,0
4280,0
4487,0
9149,0
16433,0
7728,0
11822,0
10608,0
15953,0
16163,0
15572,0
4812,0
15033,0
975,0
14208,0
5647,0
17723,0
5165,0
13128,0
7800,0
12435,0
9027,0
11257,0
13550,0
17359,0
1238,0
381,0
10531,0
6386,0
444,0
17574,0
11783,0
5512,0
10741,0
746,0
1622,0
15721,0
1762,0
23,0
1551,0
17472,0
5851,0
13177,0
10883,0
14203,0
13367,0
1267,0
9004,0
10808,0
4727,0
13113,0
4226,0
686,0
2726,0
8417,0
14925,0
9366,0
2685,0
11876,0
1094,0
126,0
8550,0
6254,0
7746,0
5360,0
2479,0
10686,0
12730,0
5614,0
17869,0
5457,0
8089,0
3023,0
5516,0
9501,0
15564,0
16583,0
5269,0
6356,0
5809,0
16057,0
2217,0
17120,0
4716,0
1258,0
16602,0
7514,0
15180,0
7847,0
7005,0
12422,0
7240,0
4419,0
7011,0
15817,0
3844,0
3549,0
3394,0
7664,0
13348,0
8384,0
715,0
176,0
10390,0
2877,0
14920,0
4612,0
4168,0
11969,0
7164,0
1891,0
6477,0
5807,0
16201,0
1886,0
7872,0
9291,0
1000,0
12472,0
13506,0
13197,0
14377,0
4944,0
13770,0
6125,0
368,0
12929,0
1911,0
5891,0
160,0
3798,0
1306,0
3647,0
15535,0
8416,0
942,0
6723,0
13709,0
73,0
2858,0
14321,0
15104,0
2195,0
4378,0
10997,0
1834,0
7176,0
14239,0
13527,0
10449,0
8287,0
15545,0
11179,0
869,0
12371,0
11046,0
2755,0
2363,0
3415,0
4133,0
5226,0
828,0
8858,0
5663,0
8770,0
12864,0
5296,0
17276,0
10868,0
5840,0
171,0
9695,0
7456,0
10300,0
9974,0
9139,0
9768,0
3126,0
7140,0
13820,0
9990,0
7406,0
14025,0
12733,0
14968,0
5295,0
14881,0
2130,0
16184,0
6569,0
17363,0
11365,0
961,0
8062,0
11142,0
16809,0
8566,0
9294,0
3075,0
6894,0
850,0
11946,0
9718,0
15477,0
5065,0
3934,0
3894,0
13101,0
3766,0
16318,0
16711,0
3978,0
10092,0
13063,0
14981,0
6370,0
3108,0
2110,0
7857,0
14546,0
7588,0
1013,0
5616,0
12717,0
7636,0
15636,0
16880,0
10894,0
11811,0
6916,0
12474,0
15655,0
8467,0
12844,0
10251,0
11836,0
14407,0
3811,0
7110,0
7494,0
306,0
10361,0
4291,0
12265,0
13794,0
14909,0
6219,0
3024,0
2201,0
3441,0
1260,0
10607,0
6594,0
13957,0
15375,0
11052,0
15526,0
17161,0
16628,0
748,0
16030,0
17515,0
15865,0
2429,0
7389,0
4731,0
17579,0
15583,0
803,0
5410,0
12668,0
17373,0
277,0
16407,0
10505,0
8603,0
16830,0
2979,0
8286,0
8690,0
3963,0
7758,0
17099,0
2682,0
11037,0
3831,0
1518,0
3292,0
3926,0
16627,0
16486,0
11630,0
15030,0
5263,0
3135,0
7128,0
11264,0
14660,0
13882,0
17474,0
6878,0
13119,0
13782,0
11924,0
1452,0
6358,0
16204,0
13484,0
10084,0
12701,0
12571,0
7493,0
10132,0
13067,0
6422,0
4289,0
10055,0
13655,0
5377,0
6704,0
7766,0
7397,0
2578,0
10503,0
6462,0
9250,0
8951,0
14078,0
9713,0
2323,0
7498,0
12997,0
14752,0
7254,0
16514,0
17285,0
17656,0
8506,0
17878,0
9522,0
12395,0
11018,0
14768,0
13051,0
10803,0
2863,0
17509,0
3621,0
421,0
1887,0
2065,0
13616,0
7690,0
8083,0
3103,0
14612,0
9559,0
9844,0
3617,0
17635,0
4640,0
5852,0
9101,0
4431,0
16784,0
9145,0
5053,0
5473,0
3288,0
10511,0
15282,0
5961,0
15409,0
2204,0
16637,0
14883,0
9951,0
8897,0
5915,0
14142,0
2375,0
12905,0
14727,0
9021,0
12382,0
7481,0
13732,0
8058,0
4229,0
10422,0
5712,0
13544,0
15738,0
3096,0
13382,0
430,0
9842,0
2522,0
2625,0
1131,0
2789,0
11468,0
1728,0
16841,0
1854,0
13945,0
467,0
4140,0
17060,0
7818,0
12479,0
1189,0
14789,0
11163,0
9310,0
13545,0
2141,0
14148,0
10554,0
5062,0
4649,0
1662,0
9912,0
15164,0
3277,0
6421,0
14607,0
1581,0
10002,0
9746,0
5030,0
685,0
10364,0
2674,0
6939,0
17082,0
11182,0
15761,0
16952,0
16560,0
5480,0
14209,0
9201,0
10864,0
976,0
10106,0
17864,0
6110,0
9346,0
15988,0
7238,0
17426,0
474,0
17514,0
16961,0
7224,0
9724,0
13343,0
1483,0
4817,0
6658,0
6080,0
1141,0
15431,0
16762,0
13261,0
11404,0
10557,0
10216,0
15388,0
13241,0
12790,0
651,0
4690,0
10716,0
6681,0
14868,0
13938,0
15510,0
3470,0
8008,0
13213,0
8365,0
17228,0
14242,0
17854,0
613,0
14205,0
3734,0
11229,0
3569,0
6813,0
12768,0
5696,0
10304,0
7104,0
1074,0
15595,0
220,0
1445,0
6249,0
5354,0
8921,0
9839,0
10955,0
11026,0
8503,0
2859,0
1529,0
677,0
3011,0
13008,0
7918,0
15460,0
72,0
11773,0
9545,0
14737,0
15934,0
1938,0
10524,0
12583,0
12342,0
15897,0
14913,0
15630,0
12846,0
2539,0
3385,0
10810,0
2833,0
9801,0
12578,0
14905,0
10893,0
2211,0
16208,0
5945,0
6104,0
4161,0
4142,0
11305,0
16892,0
16396,0
14350,0
3189,0
11373,0
8462,0
1269,0
13946,0
5432,0
7017,0
16562,0
4714,0
1342,0
3493,0
4008,0
7814,0
3897,0
11509,0
4195,0
4600,0
3743,0
11003,0
3010,0
12475,0
6376,0
4814,0
12036,0
463,0
687,0
66,0
12101,0
9843,0
57,0
9013,0
2322,0
7995,0
2903,0
4639,0
7848,0
6381,0
16593,0
13519,0
14442,0
4088,0
9413,0
10186,0
241,0
3218,0
15321,0
10816,0
12094,0
2661,0
14696,0
9914,0
12728,0
11994,0
5743,0
10927,0
2814,0
12591,0
7531,0
7678,0
14603,0
698,0
453,0
12780,0
70,0
3447,0
16565,0
11421,0
5233,0
8184,0
7282,0
4333,0
3879,0
269,0
6446,0
16357,0
5815,0
5362,0
7829,0
10835,0
11879,0
17130,0
4271,0
15712,0
2890,0
14150,0
6120,0
10867,0
10666,0
1852,0
2989,0
6749,0
6730,0
10911,0
428,0
16154,0
9248,0
3369,0
15801,0
15512,0
5627,0
3693,0
10040,0
15809,0
15214,0
6434,0
8518,0
8297,0
8223,0
860,0
7216,0
5673,0
17073,0
765,0
12953,0
1095,0
8105,0
10942,0
8440,0
2587,0
9264,0
6994,0
8662,0
16375,0
15784,0
7089,0
16459,0
6786,0
9180,0
9666,0
9826,0
3959,0
133,0
13608,0
15680,0
15176,0
9519,0
8436,0
12966,0
11021,0
9064,0
702,0
7300,0
10744,0
4415,0
9022,0
8857,0
15649,0
2976,0
9967,0
573,0
386,0
3315,0
14531,0
5523,0
12105,0
13547,0
14097,0
12734,0
16113,0
2546,0
7418,0
1014,0
1036,0
3345,0
15584,0
9359,0
1648,0
8679,0
10904,0
9184,0
10342,0
6408,0
554,0
6137,0
8902,0
2254,0
103,0
4568,0
11348,0
9853,0
7655,0
4930,0
3228,0
8403,0
8633,0
12886,0
12328,0
14263,0
14823,0
12550,0
12028,0
434,0
9795,0
7938,0
5905,0
6985,0
408,0
1264,0
6132,0
9904,0
6030,0
4236,0
15983,0
12300,0
3252,0
9394,0
10917,0
16669,0
3550,0
8759,0
17450,0
10331,0
17584,0
9205,0
15446,0
13381,0
8911,0
11047,0
12587,0
4240,0
1774,0
9915,0
735,0
15854,0
3273,0
14719,0
8132,0
11429,0
5781,0
4012,0
2634,0
1988,0
12840,0
8701,0
7961,0
4534,0
12497,0
6124,0
5878,0
12585,0
2618,0
5600,0
5966,0
3588,0
11336,0
16840,0
13216,0
6703,0
13233,0
10261,0
17682,0
4980,0
11752,0
16220,0
9750,0
14228,0
714,0
5659,0
5930,0
10974,0
9388,0
16144,0
8264,0
5119,0
7693,0
10583,0
6607,0
6326,0
5430,0
4915,0
15921,0
1633,0
2841,0
6298,0
13370,0
7584,0
8946,0
8543,0
14144,0
15347,0
1677,0
9463,0
9589,0
3127,0
4537,0
9254,0
16143,0
1605,0
12800,0
15205,0
7590,0
13501,0
9605,0
5887,0
3304,0
16188,0
10426,0
17394,0
8968,0
4048,0
2528,0
5808,0
7432,0
9578,0
6375,0
14622,0
11970,0
1397,0
14456,0
637,0
13735,0
12230,0
14794,0
7127,0
6143,0
2368,0
5250,0
7815,0
6825,0
15034,0
16750,0
9153,0
5833,0
9703,0
5965,0
12068,0
1407,0
16939,0
10122,0
3885,0
4025,0
16677,0
12502,0
1254,0
11580,0
9206,0
14504,0
1858,0
15475,0
4108,0
11488,0
4296,0
2207,0
4451,0
331,0
17518,0
2904,0
9710,0
322,0
4350,0
9454,0
671,0
2046,0
9531,0
16233,0
1657,0
0,0
4711,0
15855,0
9997,0
7444,0
4542,0
11351,0
6659,0
13105,0
16215,0
2279,0
12307,0
9480,0
16157,0
7331,0
6109,0
5456,0
16606,0
4844,0
2024,0
694,0
12604,0
11883,0
11362,0
11081,0
10960,0
1684,0
15497,0
17553,0
7730,0
730,0
14796,0
1473,0
13457,0
6860,0
16688,0
4533,0
3677,0
9092,0
15961,0
13821,0
12289,0
13771,0
1371,0
3786,0
1950,0
7453,0
9834,0
13207,0
3747,0
14246,0
9715,0
6480,0
7726,0
13982,0
15858,0
8542,0
14168,0
17037,0
3051,0
10981,0
8562,0
9471,0
9783,0
11694,0
10643,0
5048,0
16182,0
12203,0
249,0
9140,0
13610,0
4080,0
16231,0
7621,0
9717,0
7095,0
11399,0
11914,0
5141,0
1060,0
12518,0
11721,0
14455,0
7058,0
471,0
1996,0
9207,0
11317,0
610,0
3406,0
8368,0
2975,0
4038,0
10336,0
12981,0
13824,0
1916,0
16654,0
14359,0
17142,0
9663,0
2036,0
12586,0
13684,0
1169,0
6002,0
4309,0
11863,0
8189,0
10446,0
6875,0
7824,0
10404,0
10523,0
1966,0
3692,0
13087,0
10201,0
4936,0
9326,0
167,0
13453,0
8453,0
9171,0
6558,0
2491,0
1237,0
16739,0
1261,0
16883,0
12467,0
17100,0
10026,0
4495,0
16464,0
16597,0
17418,0
13332,0
2337,0
10596,0
4582,0
14095,0
15908,0
13165,0
15859,0
13389,0
75,0
6801,0
3327,0
10392,0
5841,0
10241,0
15972,0
15440,0
11864,0
7628,0
8538,0
1183,0
6761,0
3520,0
15455,0
11113,0
11549,0
2229,0
10507,0
6587,0
13743,0
14136,0
5914,0
16227,0
7899,0
15450,0
12037,0
6521,0
7714,0
11760,0
4227,0
2626,0
11189,0
8108,0
3333,0
7613,0
11805,0
7559,0
10617,0
2374,0
3690,0
11627,0
512,0
17041,0
10892,0
5497,0
12782,0
3280,0
9574,0
14596,0
9375,0
3866,0
6516,0
16980,0
1964,0
6145,0
16823,0
2862,0
10737,0
9041,0
13523,0
4042,0
12291,0
14351,0
5713,0
14213,0
14722,0
818,0
5890,0
